[
  {
    "id": "d2a0ef3b-10b5-4d23-bab4-1980bc2bf779",
    "data": [
      {
        "text": "i have ",
        "userDefined": false
      },
      {
        "text": "no",
        "alias": "dependents",
        "meta": "@sys.number-integer",
        "userDefined": true
      },
      {
        "text": " children",
        "userDefined": false
      }
    ],
    "isTemplate": false,
    "count": 0
  },
  {
    "id": "a59b2a0c-dec5-4066-9171-c6d54db7afc2",
    "data": [
      {
        "text": "i have ",
        "userDefined": false
      },
      {
        "text": "1",
        "alias": "dependents",
        "meta": "@sys.number-integer",
        "userDefined": true
      },
      {
        "text": " daughter",
        "userDefined": false
      }
    ],
    "isTemplate": false,
    "count": 0
  },
  {
    "id": "9f631eb5-f381-42db-8d23-ecd6a08cdad8",
    "data": [
      {
        "text": "i have ",
        "userDefined": false
      },
      {
        "text": "3",
        "alias": "dependents",
        "meta": "@sys.number-integer",
        "userDefined": false
      },
      {
        "text": " children",
        "userDefined": false
      }
    ],
    "isTemplate": false,
    "count": 0
  },
  {
    "id": "19b0017c-8483-4e4c-9729-dd6a677af7b8",
    "data": [
      {
        "text": "i have ",
        "userDefined": false
      },
      {
        "text": "one",
        "alias": "dependents",
        "meta": "@sys.number-integer",
        "userDefined": false
      },
      {
        "text": " child",
        "userDefined": false
      }
    ],
    "isTemplate": false,
    "count": 0
  },
  {
    "id": "420f80a2-deaa-415e-98a4-c85906b5df88",
    "data": [
      {
        "text": "40",
        "alias": "income",
        "meta": "@sys.number-integer",
        "userDefined": false
      },
      {
        "text": " is my income",
        "userDefined": false
      }
    ],
    "isTemplate": false,
    "count": 0
  },
  {
    "id": "547dd42d-0cc2-424a-b1fc-0d5ecbb0e278",
    "data": [
      {
        "text": "50000",
        "alias": "income",
        "meta": "@sys.number-integer",
        "userDefined": true
      },
      {
        "text": " per year",
        "userDefined": false
      }
    ],
    "isTemplate": false,
    "count": 0
  },
  {
    "id": "a3b0082e-f2a8-4214-b270-052c222f7252",
    "data": [
      {
        "text": "$50000",
        "alias": "income",
        "meta": "@sys.number-integer",
        "userDefined": false
      },
      {
        "text": " per year",
        "userDefined": false
      }
    ],
    "isTemplate": false,
    "count": 0
  },
  {
    "id": "82fa5cbb-5b7a-4145-ada6-8e054c33fee5",
    "data": [
      {
        "text": "we have ",
        "userDefined": false
      },
      {
        "text": "4",
        "alias": "dependents",
        "meta": "@sys.number-integer",
        "userDefined": false
      },
      {
        "text": " dependents",
        "userDefined": false
      }
    ],
    "isTemplate": false,
    "count": 0
  },
  {
    "id": "5e846442-3251-48d9-96d3-f3617a86c3a7",
    "data": [
      {
        "text": "5",
        "alias": "dependents",
        "meta": "@sys.number-integer",
        "userDefined": false
      },
      {
        "text": " dependents",
        "userDefined": false
      }
    ],
    "isTemplate": false,
    "count": 0
  },
  {
    "id": "7cab77af-987a-40d4-a687-145469a660fb",
    "data": [
      {
        "text": "My income is ",
        "userDefined": false
      },
      {
        "text": "$5000",
        "alias": "income",
        "meta": "@sys.number-integer",
        "userDefined": false
      }
    ],
    "isTemplate": false,
    "count": 0
  },
  {
    "id": "e25c212f-a19f-4d3e-b8e1-16e9151aadc8",
    "data": [
      {
        "text": "i earned ",
        "userDefined": false
      },
      {
        "text": "40000",
        "alias": "income",
        "meta": "@sys.number-integer",
        "userDefined": false
      }
    ],
    "isTemplate": false,
    "count": 0
  },
  {
    "id": "f3e9513a-3460-4bfb-b86e-8980ae3cd8fe",
    "data": [
      {
        "text": "I have ",
        "userDefined": false
      },
      {
        "text": "10",
        "alias": "dependents",
        "meta": "@sys.number-integer",
        "userDefined": false
      },
      {
        "text": " dependents",
        "userDefined": false
      }
    ],
    "isTemplate": false,
    "count": 0
  },
  {
    "id": "2cc22ba0-df55-4764-bca3-4dd50237f97e",
    "data": [
      {
        "text": "My income is ",
        "userDefined": false
      },
      {
        "text": "50000",
        "alias": "income",
        "meta": "@sys.number-integer",
        "userDefined": true
      },
      {
        "text": "  per year",
        "userDefined": false
      }
    ],
    "isTemplate": false,
    "count": 0
  },
  {
    "id": "a1645862-0e0b-4da0-90d8-c33ac926312b",
    "data": [
      {
        "text": "My rates are ",
        "userDefined": false
      },
      {
        "text": "1000 dollars",
        "alias": "rates",
        "meta": "@sys.number-integer",
        "userDefined": false
      }
    ],
    "isTemplate": false,
    "count": 0
  },
  {
    "id": "02f30ebc-cd39-469f-a0b1-99a1bea6ec6c",
    "data": [
      {
        "text": "My rates were ",
        "userDefined": false
      },
      {
        "text": "1000 dollars",
        "alias": "rates",
        "meta": "@sys.number-integer",
        "userDefined": false
      }
    ],
    "isTemplate": false,
    "count": 0
  }
]